<fcc_merch>
    <item>
        <name update="2023-03-17">Hello World!</name>
        <price>$24.99</price>
        <description>Represent the freeCodeCamp community with pride in this jet-black Triblend T-shirt featuring the
            iconic "bonfire function call" logo.
        </description>
    </item>
    <item>
        <name>Cotton-Poly Pullover Hoodie</name>
        <price>$49.99</price>
        <description>Stay toasty and dress like a developer with this jet-black cotton-poly pullover hoodie.
        </description>
    </item>
    <item>
        <name>Ceramic Coffee Mug</name>
        <price>$14.99</price>
        <description>Toast to the developer community with your very own freeCodeCamp Bonfire Function Call mug.
        </description>
    </item>
    <data>
        <country name="Liechtenstein">
            <rank updated="yes">2</rank>
            <year>2023</year>
            <gdppc>141100</gdppc>
            <neighbor direction="E" name="Austria" />
            <neighbor direction="w" name="Switzerland" />
        </country>
        <country name="singapore">
            <rank updated="yes">5</rank>
            <year>2026</year>
            <gdppc>59900</gdppc>
            <neighbor direction="N" name="Malaysia" />
        </country>
        <country name="Panama">
            <rank updated="yes">69</rank>
            <year>2026</year>
            <gdppc>13600</gdppc>
            <neighbor direction="w" name="Costa Rica" />
            <neighbor direction="E" name="Colombia" />
        </country>
    </data>
</fcc_merch>